2016/03/11 12:00, allcreaturesofourgod.mp3
2016/03/11 12:00, allcreaturesofourgod.mp3
2016/03/11 12:00, allcreaturesofourgod.mp3
2016/03/11 12:00, allcreaturesofourgod.mp3
2016/03/11 12:00, allcreaturesofourgod.mp3
2016/03/11 12:00, allcreaturesofourgod.mp3
2016/03/11 12:00, allcreaturesofourgod.mp3
2016/03/11 12:00, allcreaturesofourgod.mp3
2016/03/11 12:00, allcreaturesofourgod.mp3
2016/03/11 12:00, allcreaturesofourgod.mp3
2016/03/11 12:00, allcreaturesofourgod.mp3
2016/03/11 12:00, allcreaturesofourgod.mp3
2016/03/11 12:00, allcreaturesofourgod.mp3
2016/03/11 12:00, allcreaturesofourgod.mp3